{"v":"5.1.1","fr":29.9700012207031,"ip":0,"op":74.0000030140818,"w":112,"h":126,"nm":"Comp 1","ddd":0,"assets":[],"layers":[{"ddd":0,"ind":1,"ty":4,"nm":"Neo","sr":1,"ks":{"o":{"a":0,"k":100,"ix":11},"r":{"a":0,"k":0,"ix":10},"p":{"a":1,"k":[{"i":{"x":0.667,"y":0.515},"o":{"x":0.333,"y":0},"n":"0p667_0p515_0p333_0","t":0,"s":[36.438,31.5,0],"e":[57.117,28.02,0],"to":[3.46314263343811,0,0],"ti":[-8.40668964385986,0.75965875387192,0]},{"i":{"x":0.667,"y":1},"o":{"x":0.333,"y":0.508},"n":"0p667_1_0p333_0p508","t":7.161,"s":[57.117,28.02,0],"e":[76.438,31.5,0],"to":[7.77647161483765,-0.70271003246307,0],"ti":[-4.18460321426392,-3.06336975097656,0]},{"i":{"x":0.667,"y":0.407},"o":{"x":0.333,"y":0},"n":"0p667_0p407_0p333_0","t":14.323,"s":[76.438,31.5,0],"e":[81.106,49.034,0],"to":[3.42110228538513,2.50444340705872,0],"ti":[-2.35271000862122,-5.51810598373413,0]},{"i":{"x":0.667,"y":1},"o":{"x":0.333,"y":0.418},"n":"0p667_1_0p333_0p418","t":22,"s":[81.106,49.034,0],"e":[88.688,69.75,0],"to":[3.63605666160583,8.52809906005859,0],"ti":[2.04911828041077,-6.60271406173706,0]},{"i":{"x":0.667,"y":0.491},"o":{"x":0.333,"y":0},"n":"0p667_0p491_0p333_0","t":28.645,"s":[88.688,69.75,0],"e":[72.977,84.152,0],"to":[-1.65233373641968,5.32418632507324,0],"ti":[6.23047161102295,-5.34323978424072,0]},{"i":{"x":0.667,"y":1},"o":{"x":0.333,"y":0.514},"n":"0p667_1_0p333_0p514","t":35.806,"s":[72.977,84.152,0],"e":[56.188,96.75,0],"to":[-6.4956750869751,5.57067775726318,0],"ti":[5.31687116622925,0.04253496974707,0]},{"i":{"x":0.667,"y":0.482},"o":{"x":0.333,"y":0},"n":"0p667_0p482_0p333_0","t":42.968,"s":[56.188,96.75,0],"e":[40.21,85.256,0],"to":[-5.34833240509033,-0.0427866615355,0],"ti":[5.89108037948608,5.72560453414917,0]},{"i":{"x":0.667,"y":1},"o":{"x":0.333,"y":0.507},"n":"0p667_1_0p333_0p507","t":50,"s":[40.21,85.256,0],"e":[26.188,69.25,0],"to":[-5.5826678276062,-5.42585515975952,0],"ti":[1.60159361362457,5.29134082794189,0]},{"i":{"x":0.667,"y":0.333},"o":{"x":0.333,"y":0},"n":"0p667_0p333_0p333_0","t":57.35,"s":[26.188,69.25,0],"e":[31.977,52.644,0],"to":[-1.55304503440857,-5.13094615936279,0],"ti":[-2.52882528305054,6.93253898620605,0]},{"i":{"x":0.667,"y":1},"o":{"x":0.333,"y":0.512},"n":"0p667_1_0p333_0p512","t":66,"s":[31.977,52.644,0],"e":[36.438,31.5,0],"to":[2.83099985122681,-7.7609224319458,0],"ti":[-0.90232264995575,3.32318830490112,0]},{"t":74.0000030140818}],"ix":2},"a":{"a":0,"k":[1,31,0],"ix":1},"s":{"a":0,"k":[100,100,100],"ix":6}},"ao":0,"shapes":[{"ind":0,"ty":"sh","ix":1,"ks":{"a":0,"k":{"i":[[0,0],[0,0],[0,0],[0,0]],"o":[[0,0],[0,0],[0,0],[0,0]],"v":[[-0.669,28.777],[-0.669,38.047],[-5.843,35.621],[-5.843,26.344]],"c":true},"ix":2},"nm":"Path 1","mn":"ADBE Vector Shape - Group","hd":false},{"ind":1,"ty":"sh","ix":2,"ks":{"a":0,"k":{"i":[[0,0],[0,0],[0,0],[0,0]],"o":[[0,0],[0,0],[0,0],[0,0]],"v":[[1.729,27.988],[1.729,32.948],[7.035,35.44],[7.035,26.083]],"c":true},"ix":2},"nm":"Path 2","mn":"ADBE Vector Shape - Group","hd":false},{"ind":2,"ty":"sh","ix":3,"ks":{"a":0,"k":{"i":[[0,0],[0,0],[0,0],[0,0]],"o":[[0,0],[0,0],[0,0],[0,0]],"v":[[6.953,25.143],[1.861,22.749],[-5.63,25.438],[-0.538,27.832]],"c":true},"ix":2},"nm":"Path 3","mn":"ADBE Vector Shape - Group","hd":false},{"ty":"gr","it":[{"ty":"gr","it":[{"ind":0,"ty":"sh","ix":1,"ks":{"a":0,"k":{"i":[[9.55,0],[0,9.55],[-9.55,0],[0,-9.55]],"o":[[-9.55,0],[0,-9.55],[9.55,0],[0,9.55]],"v":[[17.3,34.6],[0,17.3],[17.3,0],[34.6,17.3]],"c":true},"ix":2},"nm":"Path 1","mn":"ADBE Vector Shape - Group","hd":false},{"ty":"tr","p":{"a":0,"k":[0,0],"ix":2},"a":{"a":0,"k":[0,0],"ix":1},"s":{"a":0,"k":[100,100],"ix":3},"r":{"a":0,"k":0,"ix":6},"o":{"a":0,"k":100,"ix":7},"sk":{"a":0,"k":0,"ix":4},"sa":{"a":0,"k":0,"ix":5},"nm":"Transform"}],"nm":"Path","np":1,"cix":2,"ix":1,"mn":"ADBE Vector Group","hd":false},{"ty":"gr","it":[{"ind":0,"ty":"sh","ix":1,"ks":{"a":0,"k":{"i":[[-7.57,0],[0,7.57],[7.57,0],[0,-7.57]],"o":[[7.57,0],[0,-7.57],[-7.57,0],[0,7.57]],"v":[[13.7,27.4],[27.4,13.7],[13.7,0],[0,13.7]],"c":true},"ix":2},"nm":"Path 1","mn":"ADBE Vector Shape - Group","hd":false},{"ty":"tr","p":{"a":0,"k":[3.6,3.6],"ix":2},"a":{"a":0,"k":[0,0],"ix":1},"s":{"a":0,"k":[100,100],"ix":3},"r":{"a":0,"k":0,"ix":6},"o":{"a":0,"k":100,"ix":7},"sk":{"a":0,"k":0,"ix":4},"sa":{"a":0,"k":0,"ix":5},"nm":"Transform"}],"nm":"Path","np":1,"cix":2,"ix":2,"mn":"ADBE Vector Group","hd":false},{"ty":"mm","mm":1,"nm":"Merge Paths 1","mn":"ADBE Vector Filter - Merge","hd":false},{"ty":"fl","c":{"a":0,"k":[0.764706015587,0.784313976765,0.815685987473,1],"ix":4},"o":{"a":0,"k":100,"ix":5},"r":1,"nm":"Fill 1","mn":"ADBE Vector Graphic - Fill","hd":false},{"ty":"tr","p":{"a":0,"k":[16,46],"ix":2},"a":{"a":0,"k":[0,0],"ix":1},"s":{"a":0,"k":[-92,-92],"ix":3},"r":{"a":0,"k":0,"ix":6},"o":{"a":0,"k":100,"ix":7},"sk":{"a":0,"k":0,"ix":4},"sa":{"a":0,"k":0,"ix":5},"nm":"Transform"}],"nm":"Oval Copy","np":4,"cix":2,"ix":4,"mn":"ADBE Vector Group","hd":false},{"ty":"fl","c":{"a":0,"k":[0.764705955982,0.784313797951,0.8156863451,1],"ix":4},"o":{"a":0,"k":100,"ix":5},"r":1,"nm":"Fill 1","mn":"ADBE Vector Graphic - Fill","hd":false}],"ip":0,"op":3596.00014646808,"st":0,"bm":0},{"ddd":0,"ind":2,"ty":4,"nm":"BTC-alt","sr":1,"ks":{"o":{"a":0,"k":100,"ix":11},"r":{"a":0,"k":0,"ix":10},"p":{"a":1,"k":[{"i":{"x":0.667,"y":0.521},"o":{"x":0.333,"y":0},"n":"0p667_0p521_0p333_0","t":0,"s":[25.124,69.268,0],"e":[32.775,50.195,0],"to":[0.86263328790665,-3.23487496376038,0],"ti":[-1.36120223999023,8.08118915557861,0]},{"i":{"x":0.667,"y":1},"o":{"x":0.333,"y":0.518},"n":"0p667_1_0p333_0p518","t":7.161,"s":[32.775,50.195,0],"e":[35.124,31.768,0],"to":[1.26873373985291,-7.53222179412842,0],"ti":[-4.00006580352783,3.01512503623962,0]},{"i":{"x":0.667,"y":0.416},"o":{"x":0.333,"y":0},"n":"0p667_0p416_0p333_0","t":14.323,"s":[35.124,31.768,0],"e":[53.367,31.536,0],"to":[3.25402927398682,-2.45278596878052,0],"ti":[-5.99555206298828,0.53289437294006,0]},{"i":{"x":0.667,"y":1},"o":{"x":0.333,"y":0.424},"n":"0p667_1_0p333_0p424","t":22,"s":[53.367,31.536,0],"e":[74.874,31.768,0],"to":[9.28185176849365,-0.82498604059219,0],"ti":[-5.2401556968689,-3.82252883911133,0]},{"i":{"x":0.667,"y":0.518},"o":{"x":0.333,"y":0},"n":"0p667_0p518_0p333_0","t":28.645,"s":[74.874,31.768,0],"e":[80.388,52.065,0],"to":[4.34992027282715,3.17313027381897,0],"ti":[-2.32226777076721,-7.39054489135742,0]},{"i":{"x":0.667,"y":1},"o":{"x":0.333,"y":0.543},"n":"0p667_1_0p333_0p543","t":35.806,"s":[80.388,52.065,0],"e":[86.874,69.518,0],"to":[2.28231310844421,7.26338958740234,0],"ti":[1.61089956760406,-5.28705501556396,0]},{"i":{"x":0.667,"y":0.507},"o":{"x":0.333,"y":0},"n":"0p667_0p507_0p333_0","t":42.968,"s":[86.874,69.518,0],"e":[72.064,84.423,0],"to":[-1.59326958656311,5.22919225692749,0],"ti":[6.02682447433472,-5.18245553970337,0]},{"i":{"x":0.667,"y":1},"o":{"x":0.333,"y":0.533},"n":"0p667_1_0p333_0p533","t":50,"s":[72.064,84.423,0],"e":[55.374,95.768,0],"to":[-6.26687669754028,5.38887596130371,0],"ti":[5.24631309509277,0.02124013379216,0]},{"i":{"x":0.667,"y":0.386},"o":{"x":0.333,"y":0},"n":"0p667_0p386_0p333_0","t":57.35,"s":[55.374,95.768,0],"e":[41.204,82.112,0],"to":[-5.01749563217163,-0.02031374722719,0],"ti":[5.53584384918213,5.88677644729614,0]},{"i":{"x":0.667,"y":1},"o":{"x":0.333,"y":0.556},"n":"0p667_1_0p333_0p556","t":66,"s":[41.204,82.112,0],"e":[25.124,69.268,0],"to":[-5.81903600692749,-6.18792152404785,0],"ti":[2.58370327949524,2.26340961456299,0]},{"t":74.0000030140818}],"ix":2},"a":{"a":0,"k":[1.665,2.282,0],"ix":1},"s":{"a":0,"k":[329.426,329.426,100],"ix":6}},"ao":0,"shapes":[{"ty":"gr","it":[{"ty":"gr","it":[{"ind":0,"ty":"sh","ix":1,"ks":{"a":0,"k":{"i":[[0.49,0.37],[0,0],[-0.24,0.34],[-0.02,0.28],[0.91,0.67],[1.08,0.07],[0,0],[0,0],[0,0],[0,0],[0,0],[0,0],[0,0],[0,0],[0,0],[0,0],[-0.17,-0.19],[0,-0.38],[0,0],[0.12,-0.12],[0.29,0],[0,0],[0,0],[0,0],[0,0],[0,0],[0,0],[0,0],[0,0],[0,0],[0,0],[-0.2,0.03],[-0.87,0.61],[-0.02,0.95]],"o":[[-0.5,-0.37],[0,0],[0.25,-0.35],[0.02,-0.27],[-0.71,-0.52],[0,0],[0,0],[0,0],[0,0],[0,0],[0,0],[0,0],[0,0],[0,0],[0,0],[0.23,0],[0.18,0.19],[0,0],[0,0.14],[-0.12,0.11],[0,0],[0,0],[0,0],[0,0],[0,0],[0,0],[0,0],[0,0],[0,0],[0,0],[0.37,-0.03],[0.42,-0.05],[0.88,-0.61],[0.02,-0.96]],"v":[[10.31,7.59],[9.1,7.07],[9.94,6.39],[10.33,5.23],[9.49,3.13],[6.89,2.34],[6.89,0],[5.43,0],[5.43,2.31],[4.32,2.31],[4.32,0],[2.87,0],[2.87,2.31],[0,2.31],[0,3.81],[0.84,3.81],[1.65,4.03],[1.86,4.7],[1.86,10.67],[1.71,11.1],[1.17,11.24],[0.3,11.24],[0,12.97],[2.87,12.97],[2.87,15.28],[4.32,15.28],[4.32,12.97],[5.43,12.97],[5.43,15.28],[6.89,15.28],[6.89,12.94],[7.82,12.86],[10.05,12.09],[11.15,9.58]],"c":true},"ix":2},"nm":"Path 1","mn":"ADBE Vector Shape - Group","hd":false},{"ty":"tr","p":{"a":0,"k":[0,0],"ix":2},"a":{"a":0,"k":[0,0],"ix":1},"s":{"a":0,"k":[100,100],"ix":3},"r":{"a":0,"k":0,"ix":6},"o":{"a":0,"k":100,"ix":7},"sk":{"a":0,"k":0,"ix":4},"sa":{"a":0,"k":0,"ix":5},"nm":"Transform"}],"nm":"Path","np":1,"cix":2,"ix":1,"mn":"ADBE Vector Group","hd":false},{"ty":"gr","it":[{"ind":0,"ty":"sh","ix":1,"ks":{"a":0,"k":{"i":[[0,0],[-0.46,-0.01],[-0.6,-0.18],[-0.01,-0.53],[0.4,-0.23],[0.53,-0.02],[0,0],[0,0]],"o":[[0,0],[0.46,0.01],[0.59,0.19],[0.02,0.52],[-0.41,0.22],[-0.53,0.02],[0,0],[0,0]],"v":[[0,0.03],[0.92,0],[2.38,0.2],[3.34,1.36],[2.72,2.46],[1.21,2.82],[0,2.82],[0,0.03]],"c":true},"ix":2},"nm":"Path 1","mn":"ADBE Vector Shape - Group","hd":false},{"ty":"tr","p":{"a":0,"k":[4.32,3.91],"ix":2},"a":{"a":0,"k":[0,0],"ix":1},"s":{"a":0,"k":[100,100],"ix":3},"r":{"a":0,"k":0,"ix":6},"o":{"a":0,"k":100,"ix":7},"sk":{"a":0,"k":0,"ix":4},"sa":{"a":0,"k":0,"ix":5},"nm":"Transform"}],"nm":"Path","np":1,"cix":2,"ix":2,"mn":"ADBE Vector Group","hd":false},{"ty":"mm","mm":1,"nm":"Merge Paths 1","mn":"ADBE Vector Filter - Merge","hd":false},{"ty":"gr","it":[{"ind":0,"ty":"sh","ix":1,"ks":{"a":0,"k":{"i":[[0,0],[0.65,-0.05],[0,0],[0,0],[-0.72,-0.05],[-0.28,-0.14],[0,-0.7],[0.33,-0.18]],"o":[[-0.33,0.18],[-0.64,0.05],[0,0],[0,0],[0.72,0.05],[0.27,0.13],[0,0.71],[0,0]],"v":[[3.26,2.7],[1.61,3.09],[0,3.12],[0,0.02],[1.65,0.02],[3.25,0.39],[4,1.52],[3.26,2.7]],"c":true},"ix":2},"nm":"Path 1","mn":"ADBE Vector Shape - Group","hd":false},{"ty":"tr","p":{"a":0,"k":[4.32,8.14],"ix":2},"a":{"a":0,"k":[0,0],"ix":1},"s":{"a":0,"k":[100,100],"ix":3},"r":{"a":0,"k":0,"ix":6},"o":{"a":0,"k":100,"ix":7},"sk":{"a":0,"k":0,"ix":4},"sa":{"a":0,"k":0,"ix":5},"nm":"Transform"}],"nm":"Path","np":1,"cix":2,"ix":4,"mn":"ADBE Vector Group","hd":false},{"ty":"mm","mm":1,"nm":"Merge Paths 2","mn":"ADBE Vector Filter - Merge","hd":false},{"ty":"fl","c":{"a":0,"k":[0.764706015587,0.784313976765,0.815685987473,1],"ix":4},"o":{"a":0,"k":100,"ix":5},"r":1,"nm":"Fill 1","mn":"ADBE Vector Graphic - Fill","hd":false},{"ty":"tr","p":{"a":0,"k":[0,0],"ix":2},"a":{"a":0,"k":[0,0],"ix":1},"s":{"a":0,"k":[29.867,29.867],"ix":3},"r":{"a":0,"k":0,"ix":6},"o":{"a":0,"k":100,"ix":7},"sk":{"a":0,"k":0,"ix":4},"sa":{"a":0,"k":0,"ix":5},"nm":"Transform"}],"nm":"BTC-alt","np":6,"cix":2,"ix":1,"mn":"ADBE Vector Group","hd":false},{"ty":"gr","it":[{"ty":"gr","it":[{"ind":0,"ty":"sh","ix":1,"ks":{"a":0,"k":{"i":[[9.55,0],[0,9.55],[-9.55,0],[0,-9.55]],"o":[[-9.55,0],[0,-9.55],[9.55,0],[0,9.55]],"v":[[17.3,34.6],[0,17.3],[17.3,0],[34.6,17.3]],"c":true},"ix":2},"nm":"Path 1","mn":"ADBE Vector Shape - Group","hd":false},{"ty":"tr","p":{"a":0,"k":[0,0],"ix":2},"a":{"a":0,"k":[0,0],"ix":1},"s":{"a":0,"k":[100,100],"ix":3},"r":{"a":0,"k":0,"ix":6},"o":{"a":0,"k":100,"ix":7},"sk":{"a":0,"k":0,"ix":4},"sa":{"a":0,"k":0,"ix":5},"nm":"Transform"}],"nm":"Path","np":1,"cix":2,"ix":1,"mn":"ADBE Vector Group","hd":false},{"ty":"gr","it":[{"ind":0,"ty":"sh","ix":1,"ks":{"a":0,"k":{"i":[[-7.57,0],[0,7.57],[7.57,0],[0,-7.57]],"o":[[7.57,0],[0,-7.57],[-7.57,0],[0,7.57]],"v":[[13.7,27.4],[27.4,13.7],[13.7,0],[0,13.7]],"c":true},"ix":2},"nm":"Path 1","mn":"ADBE Vector Shape - Group","hd":false},{"ty":"tr","p":{"a":0,"k":[3.6,3.6],"ix":2},"a":{"a":0,"k":[0,0],"ix":1},"s":{"a":0,"k":[100,100],"ix":3},"r":{"a":0,"k":0,"ix":6},"o":{"a":0,"k":100,"ix":7},"sk":{"a":0,"k":0,"ix":4},"sa":{"a":0,"k":0,"ix":5},"nm":"Transform"}],"nm":"Path","np":1,"cix":2,"ix":2,"mn":"ADBE Vector Group","hd":false},{"ty":"mm","mm":1,"nm":"Merge Paths 1","mn":"ADBE Vector Filter - Merge","hd":false},{"ty":"fl","c":{"a":0,"k":[0.764706015587,0.784313976765,0.815685987473,1],"ix":4},"o":{"a":0,"k":100,"ix":5},"r":1,"nm":"Fill 1","mn":"ADBE Vector Graphic - Fill","hd":false},{"ty":"tr","p":{"a":0,"k":[-3.33,-2.6],"ix":2},"a":{"a":0,"k":[0,0],"ix":1},"s":{"a":0,"k":[28,28],"ix":3},"r":{"a":0,"k":0,"ix":6},"o":{"a":0,"k":100,"ix":7},"sk":{"a":0,"k":0,"ix":4},"sa":{"a":0,"k":0,"ix":5},"nm":"Transform"}],"nm":"Oval Copy","np":4,"cix":2,"ix":2,"mn":"ADBE Vector Group","hd":false}],"ip":0,"op":3596.00014646808,"st":0,"bm":0},{"ddd":0,"ind":3,"ty":4,"nm":"MINT","sr":1,"ks":{"o":{"a":0,"k":100,"ix":11},"r":{"a":0,"k":0,"ix":10},"p":{"a":1,"k":[{"i":{"x":0.667,"y":0.492},"o":{"x":0.333,"y":0},"n":"0p667_0p492_0p333_0","t":0,"s":[55.98,95.099,0],"e":[41.728,80.768,0],"to":[-2.69003367424011,-2.31824040412903,0],"ti":[6.91527938842773,5.04298734664917,0]},{"i":{"x":0.667,"y":1},"o":{"x":0.333,"y":0.493},"n":"0p667_1_0p333_0p493","t":7.161,"s":[41.728,80.768,0],"e":[25.23,68.599,0],"to":[-6.25957727432251,-4.56481456756592,0],"ti":[1.62331092357635,5.11491632461548,0]},{"i":{"x":0.667,"y":0.339},"o":{"x":0.333,"y":0},"n":"0p667_0p339_0p333_0","t":14.323,"s":[25.23,68.599,0],"e":[28.869,53.04,0],"to":[-1.29441297054291,-4.07858657836914,0],"ti":[-0.93566709756851,5.67182302474976,0]},{"i":{"x":0.667,"y":1},"o":{"x":0.333,"y":0.386},"n":"0p667_1_0p333_0p386","t":22,"s":[28.869,53.04,0],"e":[35.48,30.505,0],"to":[1.53407227993011,-9.29923248291016,0],"ti":[-5.02094173431396,3.8821713924408,0]},{"i":{"x":0.667,"y":0.502},"o":{"x":0.333,"y":0},"n":"0p667_0p502_0p333_0","t":28.645,"s":[35.48,30.505,0],"e":[55.148,31.098,0],"to":[4.08030652999878,-3.15487623214722,0],"ti":[-7.55672740936279,-0.17292124032974,0]},{"i":{"x":0.667,"y":1},"o":{"x":0.333,"y":0.528},"n":"0p667_1_0p333_0p528","t":35.806,"s":[55.148,31.098,0],"e":[73.73,31.099,0],"to":[7.41360521316528,0.16964615881443,0],"ti":[-4.23000240325928,-3.12349796295166,0]},{"i":{"x":0.667,"y":0.525},"o":{"x":0.333,"y":0},"n":"0p667_0p525_0p333_0","t":42.968,"s":[73.73,31.099,0],"e":[77.335,51.96,0],"to":[4.2946457862854,3.171231508255,0],"ti":[-2.55015730857849,-7.23686599731445,0]},{"i":{"x":0.667,"y":1},"o":{"x":0.333,"y":0.533},"n":"0p667_1_0p333_0p533","t":50.129,"s":[77.335,51.96,0],"e":[86.73,68.349,0],"to":[2.52187752723694,7.15661334991455,0],"ti":[1.47091937065125,-5.30359649658203,0]},{"i":{"x":0.667,"y":0.354},"o":{"x":0.333,"y":0},"n":"0p667_0p354_0p333_0","t":57.35,"s":[86.73,68.349,0],"e":[72.288,80.671,0],"to":[-1.41474938392639,5.10106801986694,0],"ti":[6.35528993606567,-4.65077924728394,0]},{"i":{"x":0.667,"y":1},"o":{"x":0.333,"y":0.53},"n":"0p667_1_0p333_0p53","t":66,"s":[72.288,80.671,0],"e":[55.98,95.099,0],"to":[-6.93403625488281,5.07430362701416,0],"ti":[2.67409610748291,-2.32624626159668,0]},{"t":74.0000030140818}],"ix":2},"a":{"a":0,"k":[2.298,1.347,0],"ix":1},"s":{"a":0,"k":[314.91,314.91,100],"ix":6}},"ao":0,"shapes":[{"ty":"gr","it":[{"ty":"gr","it":[{"ind":0,"ty":"sh","ix":1,"ks":{"a":0,"k":{"i":[[0.07,1.36],[0.4,0.92],[0.54,0.09],[1.07,-0.04],[0.01,-0.14],[-0.31,-0.34],[-0.22,-0.8],[-0.07,-1.28],[-0.21,-0.24],[-0.21,0.12]],"o":[[-0.06,-1.37],[-0.39,-0.92],[-0.39,-0.06],[-1.07,0.04],[-0.01,0.14],[0.31,0.34],[0.23,0.8],[0.06,1.27],[0.2,0.24],[0.2,-0.13]],"v":[[5.87,6.41],[4.93,2.5],[2.95,0.04],[1.16,0.04],[0,0.49],[0.67,1.18],[2.07,3.87],[2.58,6.65],[2.75,8.88],[5.78,8.88]],"c":true},"ix":2},"nm":"Path 1","mn":"ADBE Vector Shape - Group","hd":false},{"ty":"tr","p":{"a":0,"k":[9.46,0],"ix":2},"a":{"a":0,"k":[0,0],"ix":1},"s":{"a":0,"k":[100,100],"ix":3},"r":{"a":0,"k":0,"ix":6},"o":{"a":0,"k":100,"ix":7},"sk":{"a":0,"k":0,"ix":4},"sa":{"a":0,"k":0,"ix":5},"nm":"Transform"}],"nm":"MINT","np":1,"cix":2,"ix":1,"mn":"ADBE Vector Group","hd":false},{"ty":"gr","it":[{"ind":0,"ty":"sh","ix":1,"ks":{"a":0,"k":{"i":[[0.4,0.92],[0.54,0.09],[1.07,-0.04],[0.01,-0.14],[-0.31,-0.34],[-0.22,-0.8],[-0.07,-1.28],[-0.21,-0.24],[-0.21,0.12],[0.07,1.36]],"o":[[-0.39,-0.92],[-0.39,-0.06],[-1.07,0.04],[-0.01,0.14],[0.31,0.34],[0.23,0.8],[0.06,1.27],[0.2,0.24],[0.2,-0.13],[-0.06,-1.37]],"v":[[4.93,2.5],[2.95,0.04],[1.16,0.04],[0,0.49],[0.67,1.18],[2.07,3.87],[2.58,6.65],[2.75,8.88],[5.78,8.88],[5.87,6.41]],"c":true},"ix":2},"nm":"Path 1","mn":"ADBE Vector Shape - Group","hd":false},{"ty":"tr","p":{"a":0,"k":[5.26,0],"ix":2},"a":{"a":0,"k":[0,0],"ix":1},"s":{"a":0,"k":[100,100],"ix":3},"r":{"a":0,"k":0,"ix":6},"o":{"a":0,"k":100,"ix":7},"sk":{"a":0,"k":0,"ix":4},"sa":{"a":0,"k":0,"ix":5},"nm":"Transform"}],"nm":"Path","np":1,"cix":2,"ix":2,"mn":"ADBE Vector Group","hd":false},{"ty":"mm","mm":1,"nm":"Merge Paths 1","mn":"ADBE Vector Filter - Merge","hd":false},{"ty":"gr","it":[{"ind":0,"ty":"sh","ix":1,"ks":{"a":0,"k":{"i":[[0,0],[0.54,0.09],[1.07,-0.04],[0.01,-0.14],[-0.3,-0.34],[-0.35,-0.82],[0,0],[0,0],[0,0],[-0.06,-0.5],[0,0],[0,0],[0,0],[-0.19,-0.22],[-0.21,0.12],[0.07,1.36],[0.4,0.92]],"o":[[-0.39,-0.92],[-0.39,-0.06],[-1.07,0.04],[-0.01,0.14],[0.25,0.28],[0,0],[0,0],[0,0],[0.1,0.38],[0,0],[0,0],[0,0],[0.04,1.09],[0.2,0.24],[0.2,-0.13],[-0.06,-1.37],[0,0]],"v":[[6.09,2.5],[4.11,0.04],[2.32,0.04],[1.16,0.49],[1.83,1.18],[3.05,3.35],[0,3.35],[1.16,4.51],[3.41,4.51],[3.66,5.8],[0.5,5.8],[1.66,6.95],[3.75,6.95],[3.91,8.88],[6.94,8.88],[7.03,6.41],[6.09,2.5]],"c":true},"ix":2},"nm":"Path 1","mn":"ADBE Vector Shape - Group","hd":false},{"ty":"tr","p":{"a":0,"k":[0,0],"ix":2},"a":{"a":0,"k":[0,0],"ix":1},"s":{"a":0,"k":[100,100],"ix":3},"r":{"a":0,"k":0,"ix":6},"o":{"a":0,"k":100,"ix":7},"sk":{"a":0,"k":0,"ix":4},"sa":{"a":0,"k":0,"ix":5},"nm":"Transform"}],"nm":"Path","np":1,"cix":2,"ix":4,"mn":"ADBE Vector Group","hd":false},{"ty":"mm","mm":1,"nm":"Merge Paths 2","mn":"ADBE Vector Filter - Merge","hd":false},{"ty":"fl","c":{"a":0,"k":[0.764706015587,0.784313976765,0.815685987473,1],"ix":4},"o":{"a":0,"k":100,"ix":5},"r":1,"nm":"Fill 1","mn":"ADBE Vector Graphic - Fill","hd":false},{"ty":"tr","p":{"a":0,"k":[0,0],"ix":2},"a":{"a":0,"k":[0,0],"ix":1},"s":{"a":0,"k":[29.867,29.867],"ix":3},"r":{"a":0,"k":0,"ix":6},"o":{"a":0,"k":100,"ix":7},"sk":{"a":0,"k":0,"ix":4},"sa":{"a":0,"k":0,"ix":5},"nm":"Transform"}],"nm":"MINT","np":6,"cix":2,"ix":1,"mn":"ADBE Vector Group","hd":false},{"ty":"gr","it":[{"ty":"gr","it":[{"ind":0,"ty":"sh","ix":1,"ks":{"a":0,"k":{"i":[[9.55,0],[0,9.55],[-9.55,0],[0,-9.55]],"o":[[-9.55,0],[0,-9.55],[9.55,0],[0,9.55]],"v":[[17.3,34.6],[0,17.3],[17.3,0],[34.6,17.3]],"c":true},"ix":2},"nm":"Path 1","mn":"ADBE Vector Shape - Group","hd":false},{"ty":"tr","p":{"a":0,"k":[0,0],"ix":2},"a":{"a":0,"k":[0,0],"ix":1},"s":{"a":0,"k":[100,100],"ix":3},"r":{"a":0,"k":0,"ix":6},"o":{"a":0,"k":100,"ix":7},"sk":{"a":0,"k":0,"ix":4},"sa":{"a":0,"k":0,"ix":5},"nm":"Transform"}],"nm":"Path","np":1,"cix":2,"ix":1,"mn":"ADBE Vector Group","hd":false},{"ty":"gr","it":[{"ind":0,"ty":"sh","ix":1,"ks":{"a":0,"k":{"i":[[-7.57,0],[0,7.57],[7.57,0],[0,-7.57]],"o":[[7.57,0],[0,-7.57],[-7.57,0],[0,7.57]],"v":[[13.7,27.4],[27.4,13.7],[13.7,0],[0,13.7]],"c":true},"ix":2},"nm":"Path 1","mn":"ADBE Vector Shape - Group","hd":false},{"ty":"tr","p":{"a":0,"k":[3.6,3.6],"ix":2},"a":{"a":0,"k":[0,0],"ix":1},"s":{"a":0,"k":[100,100],"ix":3},"r":{"a":0,"k":0,"ix":6},"o":{"a":0,"k":100,"ix":7},"sk":{"a":0,"k":0,"ix":4},"sa":{"a":0,"k":0,"ix":5},"nm":"Transform"}],"nm":"Path","np":1,"cix":2,"ix":2,"mn":"ADBE Vector Group","hd":false},{"ty":"mm","mm":1,"nm":"Merge Paths 1","mn":"ADBE Vector Filter - Merge","hd":false},{"ty":"fl","c":{"a":0,"k":[0.764706015587,0.784313976765,0.815685987473,1],"ix":4},"o":{"a":0,"k":100,"ix":5},"r":1,"nm":"Fill 1","mn":"ADBE Vector Graphic - Fill","hd":false},{"ty":"tr","p":{"a":0,"k":[-2.748,-3.661],"ix":2},"a":{"a":0,"k":[0,0],"ix":1},"s":{"a":0,"k":[29.867,29.867],"ix":3},"r":{"a":0,"k":0,"ix":6},"o":{"a":0,"k":100,"ix":7},"sk":{"a":0,"k":0,"ix":4},"sa":{"a":0,"k":0,"ix":5},"nm":"Transform"}],"nm":"Oval Copy","np":4,"cix":2,"ix":2,"mn":"ADBE Vector Group","hd":false}],"ip":0,"op":3596.00014646808,"st":0,"bm":0},{"ddd":0,"ind":4,"ty":4,"nm":"DGB","sr":1,"ks":{"o":{"a":0,"k":100,"ix":11},"r":{"a":0,"k":0,"ix":10},"p":{"a":1,"k":[{"i":{"x":0.667,"y":0.445},"o":{"x":0.333,"y":0},"n":"0p667_0p445_0p333_0","t":0,"s":[87.875,68.5,0],"e":[73.199,80.774,0],"to":[-2.75000333786011,2.25969266891479,0],"ti":[6.26402616500854,-6.19020080566406,0]},{"i":{"x":0.667,"y":1},"o":{"x":0.333,"y":0.461},"n":"0p667_1_0p333_0p461","t":7.161,"s":[73.199,80.774,0],"e":[55.625,95,0],"to":[-5.97928380966187,5.9088134765625,0],"ti":[5.06685447692871,0.02034881152213,0]},{"i":{"x":0.667,"y":0.396},"o":{"x":0.333,"y":0},"n":"0p667_0p396_0p333_0","t":14.323,"s":[55.625,95,0],"e":[43.267,82.325,0],"to":[-4.17133331298828,-0.01675234362483,0],"ti":[4.83607006072998,3.80255699157715,0]},{"i":{"x":0.667,"y":1},"o":{"x":0.333,"y":0.411},"n":"0p667_1_0p333_0p411","t":22,"s":[43.267,82.325,0],"e":[25.625,68.25,0],"to":[-7.1922721862793,-5.65521717071533,0],"ti":[2.09280323982239,6.36765050888062,0]},{"i":{"x":0.667,"y":0.46},"o":{"x":0.333,"y":0},"n":"0p667_0p46_0p333_0","t":28.645,"s":[25.625,68.25,0],"e":[30.495,50.808,0],"to":[-1.71016871929169,-5.20343065261841,0],"ti":[-1.60079944133759,7.0199294090271,0]},{"i":{"x":0.667,"y":1},"o":{"x":0.333,"y":0.485},"n":"0p667_1_0p333_0p485","t":35.806,"s":[30.495,50.808,0],"e":[34.625,31.105,0],"to":[1.67536747455597,-7.34693002700806,0],"ti":[-4.02712059020996,3.25114154815674,0]},{"i":{"x":0.667,"y":0.464},"o":{"x":0.333,"y":0},"n":"0p667_0p464_0p333_0","t":42.968,"s":[34.625,31.105,0],"e":[52.872,31.376,0],"to":[3.98082184791565,-3.21376419067383,0],"ti":[-7.55330324172974,0.20191739499569,0]},{"i":{"x":0.667,"y":1},"o":{"x":0.333,"y":0.494},"n":"0p667_1_0p333_0p494","t":50.129,"s":[52.872,31.376,0],"e":[72.875,30.105,0],"to":[7.38890361785889,-0.19752261042595,0],"ti":[-4.38867712020874,-3.08200335502625,0]},{"i":{"x":0.667,"y":0.416},"o":{"x":0.333,"y":0},"n":"0p667_0p416_0p333_0","t":57.35,"s":[72.875,30.105,0],"e":[79.491,50.307,0],"to":[4.2653169631958,2.99537205696106,0],"ti":[-2.29797649383545,-7.70011472702026,0]},{"i":{"x":0.667,"y":1},"o":{"x":0.333,"y":0.582},"n":"0p667_1_0p333_0p582","t":66,"s":[79.491,50.307,0],"e":[87.875,68.5,0],"to":[2.48350691795349,8.3217945098877,0],"ti":[-1.29850232601166,-3.32377457618713,0]},{"t":74.0000030140818}],"ix":2},"a":{"a":0,"k":[2,2,0],"ix":1},"s":{"a":0,"k":[314.91,314.91,100],"ix":6}},"ao":0,"shapes":[{"ty":"gr","it":[{"ind":0,"ty":"sh","ix":1,"ks":{"a":0,"k":{"i":[[2.54,0.51],[0,0],[0,0],[0,0],[0.31,0.05],[0,0],[0,0],[0,0],[1.21,0.21],[0,0],[-1.23,-0.26],[0.92,-1.54],[2.99,0.2],[0,0],[0,0],[0,0],[-2.3,-0.05],[0,0],[0,0],[0,0],[-0.32,0.03],[0,0],[0,0],[0,0],[-0.11,1.52]],"o":[[0,0],[0,0],[0,0],[-0.3,-0.05],[0,0],[0,0],[0,0],[-1.22,-0.21],[0,0],[0,0],[1.24,0.25],[-0.92,1.54],[0,0],[0,0],[0,0],[0,0],[0,0],[0,0],[0,0],[0.3,-0.01],[0,0],[0,0],[0,0],[3.58,-0.65],[0.12,-1.55]],"v":[[8.72,3.3],[9.04,0.4],[7.9,0.28],[7.6,3.08],[6.69,2.92],[6.99,0.12],[5.86,0],[5.57,2.71],[1.92,2.07],[0.38,3.78],[7.82,5.01],[9.02,8.38],[3.47,11.16],[6.33,5.58],[3.63,5.09],[0,11.87],[3.72,12.34],[3.45,14.9],[4.58,15.02],[4.87,12.33],[5.8,12.27],[5.49,15.18],[6.62,15.3],[6.96,12.14],[12.47,6.76]],"c":true},"ix":2},"nm":"Path 1","mn":"ADBE Vector Shape - Group","hd":false},{"ty":"fl","c":{"a":0,"k":[0.764706015587,0.784313976765,0.815685987473,1],"ix":4},"o":{"a":0,"k":100,"ix":5},"r":1,"nm":"Fill 1","mn":"ADBE Vector Graphic - Fill","hd":false},{"ty":"tr","p":{"a":0,"k":[0,0],"ix":2},"a":{"a":0,"k":[0,0],"ix":1},"s":{"a":0,"k":[29.867,29.867],"ix":3},"r":{"a":0,"k":0,"ix":6},"o":{"a":0,"k":100,"ix":7},"sk":{"a":0,"k":0,"ix":4},"sa":{"a":0,"k":0,"ix":5},"nm":"Transform"}],"nm":"Group 1","np":2,"cix":2,"ix":1,"mn":"ADBE Vector Group","hd":false},{"ty":"gr","it":[{"ty":"gr","it":[{"ind":0,"ty":"sh","ix":1,"ks":{"a":0,"k":{"i":[[9.55,0],[0,9.55],[-9.55,0],[0,-9.55]],"o":[[-9.55,0],[0,-9.55],[9.55,0],[0,9.55]],"v":[[17.3,34.6],[0,17.3],[17.3,0],[34.6,17.3]],"c":true},"ix":2},"nm":"Path 1","mn":"ADBE Vector Shape - Group","hd":false},{"ty":"tr","p":{"a":0,"k":[0,0],"ix":2},"a":{"a":0,"k":[0,0],"ix":1},"s":{"a":0,"k":[100,100],"ix":3},"r":{"a":0,"k":0,"ix":6},"o":{"a":0,"k":100,"ix":7},"sk":{"a":0,"k":0,"ix":4},"sa":{"a":0,"k":0,"ix":5},"nm":"Transform"}],"nm":"Path","np":1,"cix":2,"ix":1,"mn":"ADBE Vector Group","hd":false},{"ty":"gr","it":[{"ind":0,"ty":"sh","ix":1,"ks":{"a":0,"k":{"i":[[-7.57,0],[0,7.57],[7.57,0],[0,-7.57]],"o":[[7.57,0],[0,-7.57],[-7.57,0],[0,7.57]],"v":[[13.7,27.4],[27.4,13.7],[13.7,0],[0,13.7]],"c":true},"ix":2},"nm":"Path 1","mn":"ADBE Vector Shape - Group","hd":false},{"ty":"tr","p":{"a":0,"k":[3.6,3.6],"ix":2},"a":{"a":0,"k":[0,0],"ix":1},"s":{"a":0,"k":[100,100],"ix":3},"r":{"a":0,"k":0,"ix":6},"o":{"a":0,"k":100,"ix":7},"sk":{"a":0,"k":0,"ix":4},"sa":{"a":0,"k":0,"ix":5},"nm":"Transform"}],"nm":"Path","np":1,"cix":2,"ix":2,"mn":"ADBE Vector Group","hd":false},{"ty":"mm","mm":1,"nm":"Merge Paths 1","mn":"ADBE Vector Filter - Merge","hd":false},{"ty":"fl","c":{"a":0,"k":[0.764706015587,0.784313976765,0.815685987473,1],"ix":4},"o":{"a":0,"k":100,"ix":5},"r":1,"nm":"Fill 1","mn":"ADBE Vector Graphic - Fill","hd":false},{"ty":"tr","p":{"a":0,"k":[-3.067,-3.009],"ix":2},"a":{"a":0,"k":[0,0],"ix":1},"s":{"a":0,"k":[29.867,29.867],"ix":3},"r":{"a":0,"k":0,"ix":6},"o":{"a":0,"k":100,"ix":7},"sk":{"a":0,"k":0,"ix":4},"sa":{"a":0,"k":0,"ix":5},"nm":"Transform"}],"nm":"Oval Copy","np":4,"cix":2,"ix":2,"mn":"ADBE Vector Group","hd":false}],"ip":0,"op":3596.00014646808,"st":0,"bm":0},{"ddd":0,"ind":5,"ty":4,"nm":"ETH","sr":1,"ks":{"o":{"a":0,"k":100,"ix":11},"r":{"a":0,"k":0,"ix":10},"p":{"a":1,"k":[{"i":{"x":0.667,"y":0.475},"o":{"x":0.333,"y":0},"n":"0p667_0p475_0p333_0","t":0,"s":[74.394,31,0],"e":[81.123,49.47,0],"to":[1.17403924465179,3.33091068267822,0],"ti":[-3.57166790962219,-7.795654296875,0]},{"i":{"x":0.667,"y":1},"o":{"x":0.333,"y":0.484},"n":"0p667_1_0p333_0p484","t":7.161,"s":[81.123,49.47,0],"e":[87.893,69.301,0],"to":[3.27328300476074,7.1443886756897,0],"ti":[1.51006948947906,-5.1626615524292,0]},{"i":{"x":0.667,"y":0.298},"o":{"x":0.333,"y":0},"n":"0p667_0p298_0p333_0","t":14.323,"s":[87.893,69.301,0],"e":[76.22,80.232,0],"to":[-1.2091212272644,4.13377237319946,0],"ti":[4.45605707168579,-4.42770576477051,0]},{"i":{"x":0.667,"y":1},"o":{"x":0.333,"y":0.371},"n":"0p667_1_0p333_0p371","t":22,"s":[76.22,80.232,0],"e":[55.447,95.776,0],"to":[-7.18157434463501,7.13588190078735,0],"ti":[6.44835233688354,0.08167801052332,0]},{"i":{"x":0.667,"y":0.501},"o":{"x":0.333,"y":0},"n":"0p667_0p501_0p333_0","t":28.645,"s":[55.447,95.776,0],"e":[38.715,83.316,0],"to":[-5.36087894439697,-0.06790353357792,0],"ti":[5.93753576278687,5.64939546585083,0]},{"i":{"x":0.667,"y":1},"o":{"x":0.333,"y":0.523},"n":"0p667_1_0p333_0p523","t":35.806,"s":[38.715,83.316,0],"e":[25.197,68.507,0],"to":[-5.63594388961792,-5.36243915557861,0],"ti":[1.64352560043335,5.30998420715332,0]},{"i":{"x":0.667,"y":0.373},"o":{"x":0.333,"y":0},"n":"0p667_0p373_0p333_0","t":42.968,"s":[25.197,68.507,0],"e":[28.977,52.898,0],"to":[-1.64848327636719,-5.32600164413452,0],"ti":[-1.78736615180969,7.24832201004028,0]},{"i":{"x":0.667,"y":1},"o":{"x":0.333,"y":0.436},"n":"0p667_1_0p333_0p436","t":50.129,"s":[28.977,52.898,0],"e":[35.197,30.351,0],"to":[1.87197375297546,-7.59143161773682,0],"ti":[-4.19451999664307,3.19786286354065,0]},{"i":{"x":0.667,"y":0.408},"o":{"x":0.333,"y":0},"n":"0p667_0p408_0p333_0","t":57.35,"s":[35.197,30.351,0],"e":[55.146,30.953,0],"to":[3.9668140411377,-3.02426218986511,0],"ti":[-7.70838928222656,-0.84760802984238,0]},{"i":{"x":0.667,"y":1},"o":{"x":0.333,"y":0.578},"n":"0p667_1_0p333_0p578","t":66,"s":[55.146,30.953,0],"e":[74.394,31,0],"to":[8.2249584197998,0.90440958738327,0],"ti":[-3.37229537963867,-0.05584286153316,0]},{"t":74.0000030140818}],"ix":2},"a":{"a":0,"k":[0,0,0],"ix":1},"s":{"a":0,"k":[104.426,104.426,100],"ix":6}},"ao":0,"shapes":[{"ty":"gr","it":[{"ty":"gr","it":[{"ind":0,"ty":"sh","ix":1,"ks":{"a":0,"k":{"i":[[9.55,0],[0,9.55],[-9.55,0],[0,-9.55]],"o":[[-9.55,0],[0,-9.55],[9.55,0],[0,9.55]],"v":[[17.3,34.6],[0,17.3],[17.3,0],[34.6,17.3]],"c":true},"ix":2},"nm":"Path 1","mn":"ADBE Vector Shape - Group","hd":false},{"ty":"tr","p":{"a":0,"k":[0,0],"ix":2},"a":{"a":0,"k":[0,0],"ix":1},"s":{"a":0,"k":[100,100],"ix":3},"r":{"a":0,"k":0,"ix":6},"o":{"a":0,"k":100,"ix":7},"sk":{"a":0,"k":0,"ix":4},"sa":{"a":0,"k":0,"ix":5},"nm":"Transform"}],"nm":"Path","np":1,"cix":2,"ix":1,"mn":"ADBE Vector Group","hd":false},{"ty":"gr","it":[{"ind":0,"ty":"sh","ix":1,"ks":{"a":0,"k":{"i":[[-7.57,0],[0,7.57],[7.57,0],[0,-7.57]],"o":[[7.57,0],[0,-7.57],[-7.57,0],[0,7.57]],"v":[[13.7,27.4],[27.4,13.7],[13.7,0],[0,13.7]],"c":true},"ix":2},"nm":"Path 1","mn":"ADBE Vector Shape - Group","hd":false},{"ty":"tr","p":{"a":0,"k":[3.6,3.6],"ix":2},"a":{"a":0,"k":[0,0],"ix":1},"s":{"a":0,"k":[100,100],"ix":3},"r":{"a":0,"k":0,"ix":6},"o":{"a":0,"k":100,"ix":7},"sk":{"a":0,"k":0,"ix":4},"sa":{"a":0,"k":0,"ix":5},"nm":"Transform"}],"nm":"Path","np":1,"cix":2,"ix":2,"mn":"ADBE Vector Group","hd":false},{"ty":"mm","mm":1,"nm":"Merge Paths 1","mn":"ADBE Vector Filter - Merge","hd":false},{"ty":"fl","c":{"a":0,"k":[0.764706015587,0.784313976765,0.815685987473,1],"ix":4},"o":{"a":0,"k":100,"ix":5},"r":1,"nm":"Fill 1","mn":"ADBE Vector Graphic - Fill","hd":false},{"ty":"tr","p":{"a":0,"k":[-15.5,-15.5],"ix":2},"a":{"a":0,"k":[0,0],"ix":1},"s":{"a":0,"k":[90,90],"ix":3},"r":{"a":0,"k":0,"ix":6},"o":{"a":0,"k":100,"ix":7},"sk":{"a":0,"k":0,"ix":4},"sa":{"a":0,"k":0,"ix":5},"nm":"Transform"}],"nm":"Oval Copy","np":4,"cix":2,"ix":1,"mn":"ADBE Vector Group","hd":false},{"ind":1,"ty":"sh","ix":2,"ks":{"a":0,"k":{"i":[[0,0],[0,0],[0,0]],"o":[[0,0],[0,0],[0,0]],"v":[[0.174,9],[5.584,1.397],[0.174,4.544]],"c":true},"ix":2},"nm":"Path 1","mn":"ADBE Vector Shape - Group","hd":false},{"ind":2,"ty":"sh","ix":3,"ks":{"a":0,"k":{"i":[[0,0],[0,0],[0,0]],"o":[[0,0],[0,0],[0,0]],"v":[[-0.178,9],[-0.178,4.544],[-5.588,1.397]],"c":true},"ix":2},"nm":"Path 2","mn":"ADBE Vector Shape - Group","hd":false},{"ind":3,"ty":"sh","ix":4,"ks":{"a":0,"k":{"i":[[0,0],[0,0],[0,0]],"o":[[0,0],[0,0],[0,0]],"v":[[0.174,-2.111],[0.174,3.43],[5.625,0.261]],"c":true},"ix":2},"nm":"Path 3","mn":"ADBE Vector Shape - Group","hd":false},{"ind":4,"ty":"sh","ix":5,"ks":{"a":0,"k":{"i":[[0,0],[0,0],[0,0]],"o":[[0,0],[0,0],[0,0]],"v":[[0.174,-9],[0.174,-2.492],[5.52,-0.165]],"c":true},"ix":2},"nm":"Path 4","mn":"ADBE Vector Shape - Group","hd":false},{"ind":5,"ty":"sh","ix":6,"ks":{"a":0,"k":{"i":[[0,0],[0,0],[0,0]],"o":[[0,0],[0,0],[0,0]],"v":[[-0.178,-2.492],[-0.178,-8.997],[-5.449,-0.198]],"c":true},"ix":2},"nm":"Path 5","mn":"ADBE Vector Shape - Group","hd":false},{"ind":6,"ty":"sh","ix":7,"ks":{"a":0,"k":{"i":[[0,0],[0,0],[0,0]],"o":[[0,0],[0,0],[0,0]],"v":[[-0.178,3.429],[-0.178,-2.111],[-5.625,0.259]],"c":true},"ix":2},"nm":"Path 6","mn":"ADBE Vector Shape - Group","hd":false},{"ty":"fl","c":{"a":0,"k":[0.764705955982,0.784313797951,0.8156863451,1],"ix":4},"o":{"a":0,"k":100,"ix":5},"r":1,"nm":"Fill 1","mn":"ADBE Vector Graphic - Fill","hd":false}],"ip":0,"op":3596.00014646808,"st":0,"bm":0}],"markers":[]}